{
    "name": "root",
    "metadata": {
        "timer_format_version": "0.1.0",
        "start_time_seconds": "1682023736",
        "python_version": "3.9.13 (main, Aug 25 2022, 23:51:50) [MSC v.1916 64 bit (AMD64)]",
        "command_line_arguments": "C:\\Users\\chadl\\anaconda3\\Scripts\\mlagents-learn CubeAgent.yaml --run-id=Jumper --force",
        "mlagents_version": "0.30.0",
        "mlagents_envs_version": "0.30.0",
        "communication_protocol_version": "1.5.0",
        "pytorch_version": "1.7.1+cu110",
        "numpy_version": "1.21.2",
        "end_time_seconds": "1682023775"
    },
    "total": 38.7855372,
    "count": 1,
    "self": 10.010296099999998,
    "children": {
        "run_training.setup": {
            "total": 0.18992889999999996,
            "count": 1,
            "self": 0.18992889999999996
        },
        "TrainerController.start_learning": {
            "total": 28.5853122,
            "count": 1,
            "self": 0.015504699999993932,
            "children": {
                "TrainerController._reset_env": {
                    "total": 5.404792,
                    "count": 1,
                    "self": 5.404792
                },
                "TrainerController.advance": {
                    "total": 23.060775800000005,
                    "count": 699,
                    "self": 0.013183599999987194,
                    "children": {
                        "env_step": {
                            "total": 20.6277255,
                            "count": 699,
                            "self": 17.383875900000046,
                            "children": {
                                "SubprocessEnvManager._take_step": {
                                    "total": 3.2347669999999926,
                                    "count": 700,
                                    "self": 0.039617499999981654,
                                    "children": {
                                        "TorchPolicy.evaluate": {
                                            "total": 3.195149500000011,
                                            "count": 700,
                                            "self": 3.195149500000011
                                        }
                                    }
                                },
                                "workers": {
                                    "total": 0.009082599999961971,
                                    "count": 698,
                                    "self": 0.0,
                                    "children": {
                                        "worker_root": {
                                            "total": 18.091981699999984,
                                            "count": 698,
                                            "is_parallel": true,
                                            "self": 8.126743900000017,
                                            "children": {
                                                "steps_from_proto": {
                                                    "total": 0.0009505000000000763,
                                                    "count": 2,
                                                    "is_parallel": true,
                                                    "self": 0.0004085000000002559,
                                                    "children": {
                                                        "_process_rank_one_or_two_observation": {
                                                            "total": 0.0005419999999998204,
                                                            "count": 8,
                                                            "is_parallel": true,
                                                            "self": 0.0005419999999998204
                                                        }
                                                    }
                                                },
                                                "UnityEnvironment.step": {
                                                    "total": 9.964287299999967,
                                                    "count": 698,
                                                    "is_parallel": true,
                                                    "self": 0.0673338999999249,
                                                    "children": {
                                                        "UnityEnvironment._generate_step_input": {
                                                            "total": 0.05183910000001024,
                                                            "count": 698,
                                                            "is_parallel": true,
                                                            "self": 0.05183910000001024
                                                        },
                                                        "communicator.exchange": {
                                                            "total": 9.609048000000007,
                                                            "count": 698,
                                                            "is_parallel": true,
                                                            "self": 9.609048000000007
                                                        },
                                                        "steps_from_proto": {
                                                            "total": 0.23606630000002404,
                                                            "count": 698,
                                                            "is_parallel": true,
                                                            "self": 0.1223013999999445,
                                                            "children": {
                                                                "_process_rank_one_or_two_observation": {
                                                                    "total": 0.11376490000007955,
                                                                    "count": 2792,
                                                                    "is_parallel": true,
                                                                    "self": 0.11376490000007955
                                                                }
                                                            }
                                                        }
                                                    }
                                                }
                                            }
                                        }
                                    }
                                }
                            }
                        },
                        "trainer_advance": {
                            "total": 2.419866700000018,
                            "count": 698,
                            "self": 0.018935400000088976,
                            "children": {
                                "process_trajectory": {
                                    "total": 0.062050399999931116,
                                    "count": 698,
                                    "self": 0.062050399999931116
                                },
                                "_update_policy": {
                                    "total": 2.3388808999999977,
                                    "count": 5,
                                    "self": 0.11525919999999701,
                                    "children": {
                                        "TorchPPOOptimizer.update": {
                                            "total": 2.2236217000000007,
                                            "count": 180,